,state_abbr,state
0,NY,New York
1,NJ,New Jersey
2,ME,Maine
3,NH,New Hamshire
4,MA,Massachusetts
5,WV,West Virginia
6,CT,Connecticut
7,RI,Rhode Island
8,VA,Virginia
9,NC,North Carolina
10,PA,Pennsylvania
11,FL,Florida
12,SC,South Carolina
13,DE,Delaware
14,MD,Maryland
15,GA,Georgia
16,VT,Vermont
